id,platform,objective,audience,headline,primary_text,description,cta_button,creative_brief,landing_page,utm_content_slug
AD-001,Meta Feed,Calls,HVAC owners $5M-$25M revenue,Stop losing booked HVAC work after hours.,"Send last week's missed calls. ThermaForge will show where calls leaked, what should have routed, and what to fix before the next busy week.",ThermaForge Partners. Stronger Operations. Stronger Profits.,Get the missed-call review,Dark shop-floor photo with copper rule and TF monogram.,https://thermaforgepartners.com/apply,missed_call_audit-meta-feed-001
AD-002,Meta Reels,Lead form,HVAC GMs and ops managers,"Frontline call routing for HVAC shops, reviewed by operators.",Calls get answered. Recordings get reviewed. Dispatch rules get tightened. ThermaForge brings the HVAC operating context around the Frontline call coverage layer.,ThermaForge Partners. Stronger Operations. Stronger Profits.,Configure call coverage,"Dispatch desk close-up, call log blurred, copper headline overlay.",https://thermaforgepartners.com/onboarding,frontline_routing-meta-reels-002
AD-003,Facebook Lead Form,Website visits,Trade business owners near recap,Your dispatch room is either protecting margin or giving it back.,"ThermaForge reviews call flow, emergency rules, lead alerts, and booking outcomes so the owner can see where profit is slipping before month-end.",ThermaForge Partners. Stronger Operations. Stronger Profits.,Book a dispatch review,Rooftop unit image graded charcoal with one large copper number.,https://thermaforgepartners.com/apply,dispatch_review-facebook-lead-form-003
AD-004,Instagram Stories,Retargeting,Website visitors 30 days,Do not call onboarding complete until the first call is recorded.,"A real setup means the call is routed, recorded, reviewed, and connected to a dispatch decision. ThermaForge runs the 24-hour review with Frontline monitoring.",ThermaForge Partners. Stronger Operations. Stronger Profits.,Start onboarding,Founder face-to-camera still with wordmark lower-third.,https://thermaforgepartners.com/onboarding,first_call_recorded-instagram-stories-004
AD-005,LinkedIn Single Image,Video views,Lookalike of engaged owners,Recap-ready HVAC companies do not run on heroics.,"If the owner is still the only escalation path, diligence will notice. Build a cleaner operating rhythm before sale, recap, or succession pressure arrives.",ThermaForge Partners. Stronger Operations. Stronger Profits.,Review recap readiness,"Checklist graphic: call routed, recorded, reviewed, booked.",https://thermaforgepartners.com/apply,recap_ops-linkedin-single-image-005
AD-006,LinkedIn Carousel,Quote requests,Local service business owners,No-heat and no-cool rules should be clear before the phone rings.,"ThermaForge documents emergency routing, VIP exceptions, warranty paths, and dispatch contacts before after-hours calls hit Frontline.",ThermaForge Partners. Stronger Operations. Stronger Profits.,Tighten emergency routing,Before/after split: voicemail leak versus routed call.,https://thermaforgepartners.com/onboarding,emergency_rules-linkedin-carousel-006
AD-007,X Website Clicks,Calls,HVAC owners $5M-$25M revenue,Busy season should not be your first operating audit.,"Find the call-coverage gaps, dispatch friction, and callback patterns before volume makes them expensive.",ThermaForge Partners. Stronger Operations. Stronger Profits.,Run the 24-hour review,Whiteboard math graphic showing call leak to booked-job impact.,https://thermaforgepartners.com/apply,busy_season-x-website-clicks-007
AD-008,YouTube Shorts,Lead form,HVAC GMs and ops managers,The owner should not be the only escalation path.,"ThermaForge helps HVAC owners build operating rhythm around the business so recap, sale, or succession conversations are not built on heroics.",ThermaForge Partners. Stronger Operations. Stronger Profits.,Check owner dependency,Technician truck at dusk with copper caption band.,https://thermaforgepartners.com/onboarding,owner_exit-youtube-shorts-008
AD-009,Google Demand Gen,Website visits,Trade business owners near recap,Stop losing booked HVAC work after hours.,"Send last week's missed calls. ThermaForge will show where calls leaked, what should have routed, and what to fix before the next busy week.",ThermaForge Partners. Stronger Operations. Stronger Profits.,Get the missed-call review,Dark shop-floor photo with copper rule and TF monogram.,https://thermaforgepartners.com/apply,missed_call_audit-google-demand-gen-009
AD-010,Retargeting,Retargeting,Website visitors 30 days,"Frontline call routing for HVAC shops, reviewed by operators.",Calls get answered. Recordings get reviewed. Dispatch rules get tightened. ThermaForge brings the HVAC operating context around the Frontline call coverage layer.,ThermaForge Partners. Stronger Operations. Stronger Profits.,Configure call coverage,"Dispatch desk close-up, call log blurred, copper headline overlay.",https://thermaforgepartners.com/onboarding,frontline_routing-retargeting-010
AD-011,Nextdoor Sponsored Post,Video views,Lookalike of engaged owners,Your dispatch room is either protecting margin or giving it back.,"ThermaForge reviews call flow, emergency rules, lead alerts, and booking outcomes so the owner can see where profit is slipping before month-end.",ThermaForge Partners. Stronger Operations. Stronger Profits.,Book a dispatch review,Rooftop unit image graded charcoal with one large copper number.,https://thermaforgepartners.com/apply,dispatch_review-nextdoor-sponsored-post-011
AD-012,Google Business Profile Update,Quote requests,Local service business owners,Do not call onboarding complete until the first call is recorded.,"A real setup means the call is routed, recorded, reviewed, and connected to a dispatch decision. ThermaForge runs the 24-hour review with Frontline monitoring.",ThermaForge Partners. Stronger Operations. Stronger Profits.,Start onboarding,Founder face-to-camera still with wordmark lower-third.,https://thermaforgepartners.com/onboarding,first_call_recorded-google-business-profile-update-012
AD-013,Meta Feed,Calls,HVAC owners $5M-$25M revenue,Recap-ready HVAC companies do not run on heroics.,"If the owner is still the only escalation path, diligence will notice. Build a cleaner operating rhythm before sale, recap, or succession pressure arrives.",ThermaForge Partners. Stronger Operations. Stronger Profits.,Review recap readiness,"Checklist graphic: call routed, recorded, reviewed, booked.",https://thermaforgepartners.com/apply,recap_ops-meta-feed-013
AD-014,Meta Reels,Lead form,HVAC GMs and ops managers,No-heat and no-cool rules should be clear before the phone rings.,"ThermaForge documents emergency routing, VIP exceptions, warranty paths, and dispatch contacts before after-hours calls hit Frontline.",ThermaForge Partners. Stronger Operations. Stronger Profits.,Tighten emergency routing,Before/after split: voicemail leak versus routed call.,https://thermaforgepartners.com/onboarding,emergency_rules-meta-reels-014
AD-015,Facebook Lead Form,Website visits,Trade business owners near recap,Busy season should not be your first operating audit.,"Find the call-coverage gaps, dispatch friction, and callback patterns before volume makes them expensive.",ThermaForge Partners. Stronger Operations. Stronger Profits.,Run the 24-hour review,Whiteboard math graphic showing call leak to booked-job impact.,https://thermaforgepartners.com/apply,busy_season-facebook-lead-form-015
AD-016,Instagram Stories,Retargeting,Website visitors 30 days,The owner should not be the only escalation path.,"ThermaForge helps HVAC owners build operating rhythm around the business so recap, sale, or succession conversations are not built on heroics.",ThermaForge Partners. Stronger Operations. Stronger Profits.,Check owner dependency,Technician truck at dusk with copper caption band.,https://thermaforgepartners.com/onboarding,owner_exit-instagram-stories-016
AD-017,LinkedIn Single Image,Video views,Lookalike of engaged owners,Stop losing booked HVAC work after hours.,"Send last week's missed calls. ThermaForge will show where calls leaked, what should have routed, and what to fix before the next busy week.",ThermaForge Partners. Stronger Operations. Stronger Profits.,Get the missed-call review,Dark shop-floor photo with copper rule and TF monogram.,https://thermaforgepartners.com/apply,missed_call_audit-linkedin-single-image-017
AD-018,LinkedIn Carousel,Quote requests,Local service business owners,"Frontline call routing for HVAC shops, reviewed by operators.",Calls get answered. Recordings get reviewed. Dispatch rules get tightened. ThermaForge brings the HVAC operating context around the Frontline call coverage layer.,ThermaForge Partners. Stronger Operations. Stronger Profits.,Configure call coverage,"Dispatch desk close-up, call log blurred, copper headline overlay.",https://thermaforgepartners.com/onboarding,frontline_routing-linkedin-carousel-018
AD-019,X Website Clicks,Calls,HVAC owners $5M-$25M revenue,Your dispatch room is either protecting margin or giving it back.,"ThermaForge reviews call flow, emergency rules, lead alerts, and booking outcomes so the owner can see where profit is slipping before month-end.",ThermaForge Partners. Stronger Operations. Stronger Profits.,Book a dispatch review,Rooftop unit image graded charcoal with one large copper number.,https://thermaforgepartners.com/apply,dispatch_review-x-website-clicks-019
AD-020,YouTube Shorts,Lead form,HVAC GMs and ops managers,Do not call onboarding complete until the first call is recorded.,"A real setup means the call is routed, recorded, reviewed, and connected to a dispatch decision. ThermaForge runs the 24-hour review with Frontline monitoring.",ThermaForge Partners. Stronger Operations. Stronger Profits.,Start onboarding,Founder face-to-camera still with wordmark lower-third.,https://thermaforgepartners.com/onboarding,first_call_recorded-youtube-shorts-020
AD-021,Google Demand Gen,Website visits,Trade business owners near recap,Recap-ready HVAC companies do not run on heroics.,"If the owner is still the only escalation path, diligence will notice. Build a cleaner operating rhythm before sale, recap, or succession pressure arrives.",ThermaForge Partners. Stronger Operations. Stronger Profits.,Review recap readiness,"Checklist graphic: call routed, recorded, reviewed, booked.",https://thermaforgepartners.com/apply,recap_ops-google-demand-gen-021
AD-022,Retargeting,Retargeting,Website visitors 30 days,No-heat and no-cool rules should be clear before the phone rings.,"ThermaForge documents emergency routing, VIP exceptions, warranty paths, and dispatch contacts before after-hours calls hit Frontline.",ThermaForge Partners. Stronger Operations. Stronger Profits.,Tighten emergency routing,Before/after split: voicemail leak versus routed call.,https://thermaforgepartners.com/onboarding,emergency_rules-retargeting-022
AD-023,Nextdoor Sponsored Post,Video views,Lookalike of engaged owners,Busy season should not be your first operating audit.,"Find the call-coverage gaps, dispatch friction, and callback patterns before volume makes them expensive.",ThermaForge Partners. Stronger Operations. Stronger Profits.,Run the 24-hour review,Whiteboard math graphic showing call leak to booked-job impact.,https://thermaforgepartners.com/apply,busy_season-nextdoor-sponsored-post-023
AD-024,Google Business Profile Update,Quote requests,Local service business owners,The owner should not be the only escalation path.,"ThermaForge helps HVAC owners build operating rhythm around the business so recap, sale, or succession conversations are not built on heroics.",ThermaForge Partners. Stronger Operations. Stronger Profits.,Check owner dependency,Technician truck at dusk with copper caption band.,https://thermaforgepartners.com/onboarding,owner_exit-google-business-profile-update-024
AD-025,Meta Feed,Calls,HVAC owners $5M-$25M revenue,Stop losing booked HVAC work after hours.,"Send last week's missed calls. ThermaForge will show where calls leaked, what should have routed, and what to fix before the next busy week.",ThermaForge Partners. Stronger Operations. Stronger Profits.,Get the missed-call review,Dark shop-floor photo with copper rule and TF monogram.,https://thermaforgepartners.com/apply,missed_call_audit-meta-feed-025
AD-026,Meta Reels,Lead form,HVAC GMs and ops managers,"Frontline call routing for HVAC shops, reviewed by operators.",Calls get answered. Recordings get reviewed. Dispatch rules get tightened. ThermaForge brings the HVAC operating context around the Frontline call coverage layer.,ThermaForge Partners. Stronger Operations. Stronger Profits.,Configure call coverage,"Dispatch desk close-up, call log blurred, copper headline overlay.",https://thermaforgepartners.com/onboarding,frontline_routing-meta-reels-026
AD-027,Facebook Lead Form,Website visits,Trade business owners near recap,Your dispatch room is either protecting margin or giving it back.,"ThermaForge reviews call flow, emergency rules, lead alerts, and booking outcomes so the owner can see where profit is slipping before month-end.",ThermaForge Partners. Stronger Operations. Stronger Profits.,Book a dispatch review,Rooftop unit image graded charcoal with one large copper number.,https://thermaforgepartners.com/apply,dispatch_review-facebook-lead-form-027
AD-028,Instagram Stories,Retargeting,Website visitors 30 days,Do not call onboarding complete until the first call is recorded.,"A real setup means the call is routed, recorded, reviewed, and connected to a dispatch decision. ThermaForge runs the 24-hour review with Frontline monitoring.",ThermaForge Partners. Stronger Operations. Stronger Profits.,Start onboarding,Founder face-to-camera still with wordmark lower-third.,https://thermaforgepartners.com/onboarding,first_call_recorded-instagram-stories-028
AD-029,LinkedIn Single Image,Video views,Lookalike of engaged owners,Recap-ready HVAC companies do not run on heroics.,"If the owner is still the only escalation path, diligence will notice. Build a cleaner operating rhythm before sale, recap, or succession pressure arrives.",ThermaForge Partners. Stronger Operations. Stronger Profits.,Review recap readiness,"Checklist graphic: call routed, recorded, reviewed, booked.",https://thermaforgepartners.com/apply,recap_ops-linkedin-single-image-029
AD-030,LinkedIn Carousel,Quote requests,Local service business owners,No-heat and no-cool rules should be clear before the phone rings.,"ThermaForge documents emergency routing, VIP exceptions, warranty paths, and dispatch contacts before after-hours calls hit Frontline.",ThermaForge Partners. Stronger Operations. Stronger Profits.,Tighten emergency routing,Before/after split: voicemail leak versus routed call.,https://thermaforgepartners.com/onboarding,emergency_rules-linkedin-carousel-030
AD-031,X Website Clicks,Calls,HVAC owners $5M-$25M revenue,Busy season should not be your first operating audit.,"Find the call-coverage gaps, dispatch friction, and callback patterns before volume makes them expensive.",ThermaForge Partners. Stronger Operations. Stronger Profits.,Run the 24-hour review,Whiteboard math graphic showing call leak to booked-job impact.,https://thermaforgepartners.com/apply,busy_season-x-website-clicks-031
AD-032,YouTube Shorts,Lead form,HVAC GMs and ops managers,The owner should not be the only escalation path.,"ThermaForge helps HVAC owners build operating rhythm around the business so recap, sale, or succession conversations are not built on heroics.",ThermaForge Partners. Stronger Operations. Stronger Profits.,Check owner dependency,Technician truck at dusk with copper caption band.,https://thermaforgepartners.com/onboarding,owner_exit-youtube-shorts-032
AD-033,Google Demand Gen,Website visits,Trade business owners near recap,Stop losing booked HVAC work after hours.,"Send last week's missed calls. ThermaForge will show where calls leaked, what should have routed, and what to fix before the next busy week.",ThermaForge Partners. Stronger Operations. Stronger Profits.,Get the missed-call review,Dark shop-floor photo with copper rule and TF monogram.,https://thermaforgepartners.com/apply,missed_call_audit-google-demand-gen-033
AD-034,Retargeting,Retargeting,Website visitors 30 days,"Frontline call routing for HVAC shops, reviewed by operators.",Calls get answered. Recordings get reviewed. Dispatch rules get tightened. ThermaForge brings the HVAC operating context around the Frontline call coverage layer.,ThermaForge Partners. Stronger Operations. Stronger Profits.,Configure call coverage,"Dispatch desk close-up, call log blurred, copper headline overlay.",https://thermaforgepartners.com/onboarding,frontline_routing-retargeting-034
AD-035,Nextdoor Sponsored Post,Video views,Lookalike of engaged owners,Your dispatch room is either protecting margin or giving it back.,"ThermaForge reviews call flow, emergency rules, lead alerts, and booking outcomes so the owner can see where profit is slipping before month-end.",ThermaForge Partners. Stronger Operations. Stronger Profits.,Book a dispatch review,Rooftop unit image graded charcoal with one large copper number.,https://thermaforgepartners.com/apply,dispatch_review-nextdoor-sponsored-post-035
AD-036,Google Business Profile Update,Quote requests,Local service business owners,Do not call onboarding complete until the first call is recorded.,"A real setup means the call is routed, recorded, reviewed, and connected to a dispatch decision. ThermaForge runs the 24-hour review with Frontline monitoring.",ThermaForge Partners. Stronger Operations. Stronger Profits.,Start onboarding,Founder face-to-camera still with wordmark lower-third.,https://thermaforgepartners.com/onboarding,first_call_recorded-google-business-profile-update-036
AD-037,Meta Feed,Calls,HVAC owners $5M-$25M revenue,Recap-ready HVAC companies do not run on heroics.,"If the owner is still the only escalation path, diligence will notice. Build a cleaner operating rhythm before sale, recap, or succession pressure arrives.",ThermaForge Partners. Stronger Operations. Stronger Profits.,Review recap readiness,"Checklist graphic: call routed, recorded, reviewed, booked.",https://thermaforgepartners.com/apply,recap_ops-meta-feed-037
AD-038,Meta Reels,Lead form,HVAC GMs and ops managers,No-heat and no-cool rules should be clear before the phone rings.,"ThermaForge documents emergency routing, VIP exceptions, warranty paths, and dispatch contacts before after-hours calls hit Frontline.",ThermaForge Partners. Stronger Operations. Stronger Profits.,Tighten emergency routing,Before/after split: voicemail leak versus routed call.,https://thermaforgepartners.com/onboarding,emergency_rules-meta-reels-038
AD-039,Facebook Lead Form,Website visits,Trade business owners near recap,Busy season should not be your first operating audit.,"Find the call-coverage gaps, dispatch friction, and callback patterns before volume makes them expensive.",ThermaForge Partners. Stronger Operations. Stronger Profits.,Run the 24-hour review,Whiteboard math graphic showing call leak to booked-job impact.,https://thermaforgepartners.com/apply,busy_season-facebook-lead-form-039
AD-040,Instagram Stories,Retargeting,Website visitors 30 days,The owner should not be the only escalation path.,"ThermaForge helps HVAC owners build operating rhythm around the business so recap, sale, or succession conversations are not built on heroics.",ThermaForge Partners. Stronger Operations. Stronger Profits.,Check owner dependency,Technician truck at dusk with copper caption band.,https://thermaforgepartners.com/onboarding,owner_exit-instagram-stories-040
AD-041,LinkedIn Single Image,Video views,Lookalike of engaged owners,Stop losing booked HVAC work after hours.,"Send last week's missed calls. ThermaForge will show where calls leaked, what should have routed, and what to fix before the next busy week.",ThermaForge Partners. Stronger Operations. Stronger Profits.,Get the missed-call review,Dark shop-floor photo with copper rule and TF monogram.,https://thermaforgepartners.com/apply,missed_call_audit-linkedin-single-image-041
AD-042,LinkedIn Carousel,Quote requests,Local service business owners,"Frontline call routing for HVAC shops, reviewed by operators.",Calls get answered. Recordings get reviewed. Dispatch rules get tightened. ThermaForge brings the HVAC operating context around the Frontline call coverage layer.,ThermaForge Partners. Stronger Operations. Stronger Profits.,Configure call coverage,"Dispatch desk close-up, call log blurred, copper headline overlay.",https://thermaforgepartners.com/onboarding,frontline_routing-linkedin-carousel-042
AD-043,X Website Clicks,Calls,HVAC owners $5M-$25M revenue,Your dispatch room is either protecting margin or giving it back.,"ThermaForge reviews call flow, emergency rules, lead alerts, and booking outcomes so the owner can see where profit is slipping before month-end.",ThermaForge Partners. Stronger Operations. Stronger Profits.,Book a dispatch review,Rooftop unit image graded charcoal with one large copper number.,https://thermaforgepartners.com/apply,dispatch_review-x-website-clicks-043
AD-044,YouTube Shorts,Lead form,HVAC GMs and ops managers,Do not call onboarding complete until the first call is recorded.,"A real setup means the call is routed, recorded, reviewed, and connected to a dispatch decision. ThermaForge runs the 24-hour review with Frontline monitoring.",ThermaForge Partners. Stronger Operations. Stronger Profits.,Start onboarding,Founder face-to-camera still with wordmark lower-third.,https://thermaforgepartners.com/onboarding,first_call_recorded-youtube-shorts-044
AD-045,Google Demand Gen,Website visits,Trade business owners near recap,Recap-ready HVAC companies do not run on heroics.,"If the owner is still the only escalation path, diligence will notice. Build a cleaner operating rhythm before sale, recap, or succession pressure arrives.",ThermaForge Partners. Stronger Operations. Stronger Profits.,Review recap readiness,"Checklist graphic: call routed, recorded, reviewed, booked.",https://thermaforgepartners.com/apply,recap_ops-google-demand-gen-045
AD-046,Retargeting,Retargeting,Website visitors 30 days,No-heat and no-cool rules should be clear before the phone rings.,"ThermaForge documents emergency routing, VIP exceptions, warranty paths, and dispatch contacts before after-hours calls hit Frontline.",ThermaForge Partners. Stronger Operations. Stronger Profits.,Tighten emergency routing,Before/after split: voicemail leak versus routed call.,https://thermaforgepartners.com/onboarding,emergency_rules-retargeting-046
AD-047,Nextdoor Sponsored Post,Video views,Lookalike of engaged owners,Busy season should not be your first operating audit.,"Find the call-coverage gaps, dispatch friction, and callback patterns before volume makes them expensive.",ThermaForge Partners. Stronger Operations. Stronger Profits.,Run the 24-hour review,Whiteboard math graphic showing call leak to booked-job impact.,https://thermaforgepartners.com/apply,busy_season-nextdoor-sponsored-post-047
AD-048,Google Business Profile Update,Quote requests,Local service business owners,The owner should not be the only escalation path.,"ThermaForge helps HVAC owners build operating rhythm around the business so recap, sale, or succession conversations are not built on heroics.",ThermaForge Partners. Stronger Operations. Stronger Profits.,Check owner dependency,Technician truck at dusk with copper caption band.,https://thermaforgepartners.com/onboarding,owner_exit-google-business-profile-update-048
AD-049,Meta Feed,Calls,HVAC owners $5M-$25M revenue,Stop losing booked HVAC work after hours.,"Send last week's missed calls. ThermaForge will show where calls leaked, what should have routed, and what to fix before the next busy week.",ThermaForge Partners. Stronger Operations. Stronger Profits.,Get the missed-call review,Dark shop-floor photo with copper rule and TF monogram.,https://thermaforgepartners.com/apply,missed_call_audit-meta-feed-049
AD-050,Meta Reels,Lead form,HVAC GMs and ops managers,"Frontline call routing for HVAC shops, reviewed by operators.",Calls get answered. Recordings get reviewed. Dispatch rules get tightened. ThermaForge brings the HVAC operating context around the Frontline call coverage layer.,ThermaForge Partners. Stronger Operations. Stronger Profits.,Configure call coverage,"Dispatch desk close-up, call log blurred, copper headline overlay.",https://thermaforgepartners.com/onboarding,frontline_routing-meta-reels-050
AD-051,Facebook Lead Form,Website visits,Trade business owners near recap,Your dispatch room is either protecting margin or giving it back.,"ThermaForge reviews call flow, emergency rules, lead alerts, and booking outcomes so the owner can see where profit is slipping before month-end.",ThermaForge Partners. Stronger Operations. Stronger Profits.,Book a dispatch review,Rooftop unit image graded charcoal with one large copper number.,https://thermaforgepartners.com/apply,dispatch_review-facebook-lead-form-051
AD-052,Instagram Stories,Retargeting,Website visitors 30 days,Do not call onboarding complete until the first call is recorded.,"A real setup means the call is routed, recorded, reviewed, and connected to a dispatch decision. ThermaForge runs the 24-hour review with Frontline monitoring.",ThermaForge Partners. Stronger Operations. Stronger Profits.,Start onboarding,Founder face-to-camera still with wordmark lower-third.,https://thermaforgepartners.com/onboarding,first_call_recorded-instagram-stories-052
AD-053,LinkedIn Single Image,Video views,Lookalike of engaged owners,Recap-ready HVAC companies do not run on heroics.,"If the owner is still the only escalation path, diligence will notice. Build a cleaner operating rhythm before sale, recap, or succession pressure arrives.",ThermaForge Partners. Stronger Operations. Stronger Profits.,Review recap readiness,"Checklist graphic: call routed, recorded, reviewed, booked.",https://thermaforgepartners.com/apply,recap_ops-linkedin-single-image-053
AD-054,LinkedIn Carousel,Quote requests,Local service business owners,No-heat and no-cool rules should be clear before the phone rings.,"ThermaForge documents emergency routing, VIP exceptions, warranty paths, and dispatch contacts before after-hours calls hit Frontline.",ThermaForge Partners. Stronger Operations. Stronger Profits.,Tighten emergency routing,Before/after split: voicemail leak versus routed call.,https://thermaforgepartners.com/onboarding,emergency_rules-linkedin-carousel-054
AD-055,X Website Clicks,Calls,HVAC owners $5M-$25M revenue,Busy season should not be your first operating audit.,"Find the call-coverage gaps, dispatch friction, and callback patterns before volume makes them expensive.",ThermaForge Partners. Stronger Operations. Stronger Profits.,Run the 24-hour review,Whiteboard math graphic showing call leak to booked-job impact.,https://thermaforgepartners.com/apply,busy_season-x-website-clicks-055
AD-056,YouTube Shorts,Lead form,HVAC GMs and ops managers,The owner should not be the only escalation path.,"ThermaForge helps HVAC owners build operating rhythm around the business so recap, sale, or succession conversations are not built on heroics.",ThermaForge Partners. Stronger Operations. Stronger Profits.,Check owner dependency,Technician truck at dusk with copper caption band.,https://thermaforgepartners.com/onboarding,owner_exit-youtube-shorts-056
AD-057,Google Demand Gen,Website visits,Trade business owners near recap,Stop losing booked HVAC work after hours.,"Send last week's missed calls. ThermaForge will show where calls leaked, what should have routed, and what to fix before the next busy week.",ThermaForge Partners. Stronger Operations. Stronger Profits.,Get the missed-call review,Dark shop-floor photo with copper rule and TF monogram.,https://thermaforgepartners.com/apply,missed_call_audit-google-demand-gen-057
AD-058,Retargeting,Retargeting,Website visitors 30 days,"Frontline call routing for HVAC shops, reviewed by operators.",Calls get answered. Recordings get reviewed. Dispatch rules get tightened. ThermaForge brings the HVAC operating context around the Frontline call coverage layer.,ThermaForge Partners. Stronger Operations. Stronger Profits.,Configure call coverage,"Dispatch desk close-up, call log blurred, copper headline overlay.",https://thermaforgepartners.com/onboarding,frontline_routing-retargeting-058
AD-059,Nextdoor Sponsored Post,Video views,Lookalike of engaged owners,Your dispatch room is either protecting margin or giving it back.,"ThermaForge reviews call flow, emergency rules, lead alerts, and booking outcomes so the owner can see where profit is slipping before month-end.",ThermaForge Partners. Stronger Operations. Stronger Profits.,Book a dispatch review,Rooftop unit image graded charcoal with one large copper number.,https://thermaforgepartners.com/apply,dispatch_review-nextdoor-sponsored-post-059
AD-060,Google Business Profile Update,Quote requests,Local service business owners,Do not call onboarding complete until the first call is recorded.,"A real setup means the call is routed, recorded, reviewed, and connected to a dispatch decision. ThermaForge runs the 24-hour review with Frontline monitoring.",ThermaForge Partners. Stronger Operations. Stronger Profits.,Start onboarding,Founder face-to-camera still with wordmark lower-third.,https://thermaforgepartners.com/onboarding,first_call_recorded-google-business-profile-update-060
AD-061,Meta Feed,Calls,HVAC owners $5M-$25M revenue,Recap-ready HVAC companies do not run on heroics.,"If the owner is still the only escalation path, diligence will notice. Build a cleaner operating rhythm before sale, recap, or succession pressure arrives.",ThermaForge Partners. Stronger Operations. Stronger Profits.,Review recap readiness,"Checklist graphic: call routed, recorded, reviewed, booked.",https://thermaforgepartners.com/apply,recap_ops-meta-feed-061
AD-062,Meta Reels,Lead form,HVAC GMs and ops managers,No-heat and no-cool rules should be clear before the phone rings.,"ThermaForge documents emergency routing, VIP exceptions, warranty paths, and dispatch contacts before after-hours calls hit Frontline.",ThermaForge Partners. Stronger Operations. Stronger Profits.,Tighten emergency routing,Before/after split: voicemail leak versus routed call.,https://thermaforgepartners.com/onboarding,emergency_rules-meta-reels-062
AD-063,Facebook Lead Form,Website visits,Trade business owners near recap,Busy season should not be your first operating audit.,"Find the call-coverage gaps, dispatch friction, and callback patterns before volume makes them expensive.",ThermaForge Partners. Stronger Operations. Stronger Profits.,Run the 24-hour review,Whiteboard math graphic showing call leak to booked-job impact.,https://thermaforgepartners.com/apply,busy_season-facebook-lead-form-063
AD-064,Instagram Stories,Retargeting,Website visitors 30 days,The owner should not be the only escalation path.,"ThermaForge helps HVAC owners build operating rhythm around the business so recap, sale, or succession conversations are not built on heroics.",ThermaForge Partners. Stronger Operations. Stronger Profits.,Check owner dependency,Technician truck at dusk with copper caption band.,https://thermaforgepartners.com/onboarding,owner_exit-instagram-stories-064
AD-065,LinkedIn Single Image,Video views,Lookalike of engaged owners,Stop losing booked HVAC work after hours.,"Send last week's missed calls. ThermaForge will show where calls leaked, what should have routed, and what to fix before the next busy week.",ThermaForge Partners. Stronger Operations. Stronger Profits.,Get the missed-call review,Dark shop-floor photo with copper rule and TF monogram.,https://thermaforgepartners.com/apply,missed_call_audit-linkedin-single-image-065
AD-066,LinkedIn Carousel,Quote requests,Local service business owners,"Frontline call routing for HVAC shops, reviewed by operators.",Calls get answered. Recordings get reviewed. Dispatch rules get tightened. ThermaForge brings the HVAC operating context around the Frontline call coverage layer.,ThermaForge Partners. Stronger Operations. Stronger Profits.,Configure call coverage,"Dispatch desk close-up, call log blurred, copper headline overlay.",https://thermaforgepartners.com/onboarding,frontline_routing-linkedin-carousel-066
AD-067,X Website Clicks,Calls,HVAC owners $5M-$25M revenue,Your dispatch room is either protecting margin or giving it back.,"ThermaForge reviews call flow, emergency rules, lead alerts, and booking outcomes so the owner can see where profit is slipping before month-end.",ThermaForge Partners. Stronger Operations. Stronger Profits.,Book a dispatch review,Rooftop unit image graded charcoal with one large copper number.,https://thermaforgepartners.com/apply,dispatch_review-x-website-clicks-067
AD-068,YouTube Shorts,Lead form,HVAC GMs and ops managers,Do not call onboarding complete until the first call is recorded.,"A real setup means the call is routed, recorded, reviewed, and connected to a dispatch decision. ThermaForge runs the 24-hour review with Frontline monitoring.",ThermaForge Partners. Stronger Operations. Stronger Profits.,Start onboarding,Founder face-to-camera still with wordmark lower-third.,https://thermaforgepartners.com/onboarding,first_call_recorded-youtube-shorts-068
AD-069,Google Demand Gen,Website visits,Trade business owners near recap,Recap-ready HVAC companies do not run on heroics.,"If the owner is still the only escalation path, diligence will notice. Build a cleaner operating rhythm before sale, recap, or succession pressure arrives.",ThermaForge Partners. Stronger Operations. Stronger Profits.,Review recap readiness,"Checklist graphic: call routed, recorded, reviewed, booked.",https://thermaforgepartners.com/apply,recap_ops-google-demand-gen-069
AD-070,Retargeting,Retargeting,Website visitors 30 days,No-heat and no-cool rules should be clear before the phone rings.,"ThermaForge documents emergency routing, VIP exceptions, warranty paths, and dispatch contacts before after-hours calls hit Frontline.",ThermaForge Partners. Stronger Operations. Stronger Profits.,Tighten emergency routing,Before/after split: voicemail leak versus routed call.,https://thermaforgepartners.com/onboarding,emergency_rules-retargeting-070
AD-071,Nextdoor Sponsored Post,Video views,Lookalike of engaged owners,Busy season should not be your first operating audit.,"Find the call-coverage gaps, dispatch friction, and callback patterns before volume makes them expensive.",ThermaForge Partners. Stronger Operations. Stronger Profits.,Run the 24-hour review,Whiteboard math graphic showing call leak to booked-job impact.,https://thermaforgepartners.com/apply,busy_season-nextdoor-sponsored-post-071
AD-072,Google Business Profile Update,Quote requests,Local service business owners,The owner should not be the only escalation path.,"ThermaForge helps HVAC owners build operating rhythm around the business so recap, sale, or succession conversations are not built on heroics.",ThermaForge Partners. Stronger Operations. Stronger Profits.,Check owner dependency,Technician truck at dusk with copper caption band.,https://thermaforgepartners.com/onboarding,owner_exit-google-business-profile-update-072
AD-073,Meta Feed,Calls,HVAC owners $5M-$25M revenue,Stop losing booked HVAC work after hours.,"Send last week's missed calls. ThermaForge will show where calls leaked, what should have routed, and what to fix before the next busy week.",ThermaForge Partners. Stronger Operations. Stronger Profits.,Get the missed-call review,Dark shop-floor photo with copper rule and TF monogram.,https://thermaforgepartners.com/apply,missed_call_audit-meta-feed-073
AD-074,Meta Reels,Lead form,HVAC GMs and ops managers,"Frontline call routing for HVAC shops, reviewed by operators.",Calls get answered. Recordings get reviewed. Dispatch rules get tightened. ThermaForge brings the HVAC operating context around the Frontline call coverage layer.,ThermaForge Partners. Stronger Operations. Stronger Profits.,Configure call coverage,"Dispatch desk close-up, call log blurred, copper headline overlay.",https://thermaforgepartners.com/onboarding,frontline_routing-meta-reels-074
AD-075,Facebook Lead Form,Website visits,Trade business owners near recap,Your dispatch room is either protecting margin or giving it back.,"ThermaForge reviews call flow, emergency rules, lead alerts, and booking outcomes so the owner can see where profit is slipping before month-end.",ThermaForge Partners. Stronger Operations. Stronger Profits.,Book a dispatch review,Rooftop unit image graded charcoal with one large copper number.,https://thermaforgepartners.com/apply,dispatch_review-facebook-lead-form-075
AD-076,Instagram Stories,Retargeting,Website visitors 30 days,Do not call onboarding complete until the first call is recorded.,"A real setup means the call is routed, recorded, reviewed, and connected to a dispatch decision. ThermaForge runs the 24-hour review with Frontline monitoring.",ThermaForge Partners. Stronger Operations. Stronger Profits.,Start onboarding,Founder face-to-camera still with wordmark lower-third.,https://thermaforgepartners.com/onboarding,first_call_recorded-instagram-stories-076
AD-077,LinkedIn Single Image,Video views,Lookalike of engaged owners,Recap-ready HVAC companies do not run on heroics.,"If the owner is still the only escalation path, diligence will notice. Build a cleaner operating rhythm before sale, recap, or succession pressure arrives.",ThermaForge Partners. Stronger Operations. Stronger Profits.,Review recap readiness,"Checklist graphic: call routed, recorded, reviewed, booked.",https://thermaforgepartners.com/apply,recap_ops-linkedin-single-image-077
AD-078,LinkedIn Carousel,Quote requests,Local service business owners,No-heat and no-cool rules should be clear before the phone rings.,"ThermaForge documents emergency routing, VIP exceptions, warranty paths, and dispatch contacts before after-hours calls hit Frontline.",ThermaForge Partners. Stronger Operations. Stronger Profits.,Tighten emergency routing,Before/after split: voicemail leak versus routed call.,https://thermaforgepartners.com/onboarding,emergency_rules-linkedin-carousel-078
AD-079,X Website Clicks,Calls,HVAC owners $5M-$25M revenue,Busy season should not be your first operating audit.,"Find the call-coverage gaps, dispatch friction, and callback patterns before volume makes them expensive.",ThermaForge Partners. Stronger Operations. Stronger Profits.,Run the 24-hour review,Whiteboard math graphic showing call leak to booked-job impact.,https://thermaforgepartners.com/apply,busy_season-x-website-clicks-079
AD-080,YouTube Shorts,Lead form,HVAC GMs and ops managers,The owner should not be the only escalation path.,"ThermaForge helps HVAC owners build operating rhythm around the business so recap, sale, or succession conversations are not built on heroics.",ThermaForge Partners. Stronger Operations. Stronger Profits.,Check owner dependency,Technician truck at dusk with copper caption band.,https://thermaforgepartners.com/onboarding,owner_exit-youtube-shorts-080
AD-081,Google Demand Gen,Website visits,Trade business owners near recap,Stop losing booked HVAC work after hours.,"Send last week's missed calls. ThermaForge will show where calls leaked, what should have routed, and what to fix before the next busy week.",ThermaForge Partners. Stronger Operations. Stronger Profits.,Get the missed-call review,Dark shop-floor photo with copper rule and TF monogram.,https://thermaforgepartners.com/apply,missed_call_audit-google-demand-gen-081
AD-082,Retargeting,Retargeting,Website visitors 30 days,"Frontline call routing for HVAC shops, reviewed by operators.",Calls get answered. Recordings get reviewed. Dispatch rules get tightened. ThermaForge brings the HVAC operating context around the Frontline call coverage layer.,ThermaForge Partners. Stronger Operations. Stronger Profits.,Configure call coverage,"Dispatch desk close-up, call log blurred, copper headline overlay.",https://thermaforgepartners.com/onboarding,frontline_routing-retargeting-082
AD-083,Nextdoor Sponsored Post,Video views,Lookalike of engaged owners,Your dispatch room is either protecting margin or giving it back.,"ThermaForge reviews call flow, emergency rules, lead alerts, and booking outcomes so the owner can see where profit is slipping before month-end.",ThermaForge Partners. Stronger Operations. Stronger Profits.,Book a dispatch review,Rooftop unit image graded charcoal with one large copper number.,https://thermaforgepartners.com/apply,dispatch_review-nextdoor-sponsored-post-083
AD-084,Google Business Profile Update,Quote requests,Local service business owners,Do not call onboarding complete until the first call is recorded.,"A real setup means the call is routed, recorded, reviewed, and connected to a dispatch decision. ThermaForge runs the 24-hour review with Frontline monitoring.",ThermaForge Partners. Stronger Operations. Stronger Profits.,Start onboarding,Founder face-to-camera still with wordmark lower-third.,https://thermaforgepartners.com/onboarding,first_call_recorded-google-business-profile-update-084
AD-085,Meta Feed,Calls,HVAC owners $5M-$25M revenue,Recap-ready HVAC companies do not run on heroics.,"If the owner is still the only escalation path, diligence will notice. Build a cleaner operating rhythm before sale, recap, or succession pressure arrives.",ThermaForge Partners. Stronger Operations. Stronger Profits.,Review recap readiness,"Checklist graphic: call routed, recorded, reviewed, booked.",https://thermaforgepartners.com/apply,recap_ops-meta-feed-085
AD-086,Meta Reels,Lead form,HVAC GMs and ops managers,No-heat and no-cool rules should be clear before the phone rings.,"ThermaForge documents emergency routing, VIP exceptions, warranty paths, and dispatch contacts before after-hours calls hit Frontline.",ThermaForge Partners. Stronger Operations. Stronger Profits.,Tighten emergency routing,Before/after split: voicemail leak versus routed call.,https://thermaforgepartners.com/onboarding,emergency_rules-meta-reels-086
AD-087,Facebook Lead Form,Website visits,Trade business owners near recap,Busy season should not be your first operating audit.,"Find the call-coverage gaps, dispatch friction, and callback patterns before volume makes them expensive.",ThermaForge Partners. Stronger Operations. Stronger Profits.,Run the 24-hour review,Whiteboard math graphic showing call leak to booked-job impact.,https://thermaforgepartners.com/apply,busy_season-facebook-lead-form-087
AD-088,Instagram Stories,Retargeting,Website visitors 30 days,The owner should not be the only escalation path.,"ThermaForge helps HVAC owners build operating rhythm around the business so recap, sale, or succession conversations are not built on heroics.",ThermaForge Partners. Stronger Operations. Stronger Profits.,Check owner dependency,Technician truck at dusk with copper caption band.,https://thermaforgepartners.com/onboarding,owner_exit-instagram-stories-088
AD-089,LinkedIn Single Image,Video views,Lookalike of engaged owners,Stop losing booked HVAC work after hours.,"Send last week's missed calls. ThermaForge will show where calls leaked, what should have routed, and what to fix before the next busy week.",ThermaForge Partners. Stronger Operations. Stronger Profits.,Get the missed-call review,Dark shop-floor photo with copper rule and TF monogram.,https://thermaforgepartners.com/apply,missed_call_audit-linkedin-single-image-089
AD-090,LinkedIn Carousel,Quote requests,Local service business owners,"Frontline call routing for HVAC shops, reviewed by operators.",Calls get answered. Recordings get reviewed. Dispatch rules get tightened. ThermaForge brings the HVAC operating context around the Frontline call coverage layer.,ThermaForge Partners. Stronger Operations. Stronger Profits.,Configure call coverage,"Dispatch desk close-up, call log blurred, copper headline overlay.",https://thermaforgepartners.com/onboarding,frontline_routing-linkedin-carousel-090
AD-091,X Website Clicks,Calls,HVAC owners $5M-$25M revenue,Your dispatch room is either protecting margin or giving it back.,"ThermaForge reviews call flow, emergency rules, lead alerts, and booking outcomes so the owner can see where profit is slipping before month-end.",ThermaForge Partners. Stronger Operations. Stronger Profits.,Book a dispatch review,Rooftop unit image graded charcoal with one large copper number.,https://thermaforgepartners.com/apply,dispatch_review-x-website-clicks-091
AD-092,YouTube Shorts,Lead form,HVAC GMs and ops managers,Do not call onboarding complete until the first call is recorded.,"A real setup means the call is routed, recorded, reviewed, and connected to a dispatch decision. ThermaForge runs the 24-hour review with Frontline monitoring.",ThermaForge Partners. Stronger Operations. Stronger Profits.,Start onboarding,Founder face-to-camera still with wordmark lower-third.,https://thermaforgepartners.com/onboarding,first_call_recorded-youtube-shorts-092
AD-093,Google Demand Gen,Website visits,Trade business owners near recap,Recap-ready HVAC companies do not run on heroics.,"If the owner is still the only escalation path, diligence will notice. Build a cleaner operating rhythm before sale, recap, or succession pressure arrives.",ThermaForge Partners. Stronger Operations. Stronger Profits.,Review recap readiness,"Checklist graphic: call routed, recorded, reviewed, booked.",https://thermaforgepartners.com/apply,recap_ops-google-demand-gen-093
AD-094,Retargeting,Retargeting,Website visitors 30 days,No-heat and no-cool rules should be clear before the phone rings.,"ThermaForge documents emergency routing, VIP exceptions, warranty paths, and dispatch contacts before after-hours calls hit Frontline.",ThermaForge Partners. Stronger Operations. Stronger Profits.,Tighten emergency routing,Before/after split: voicemail leak versus routed call.,https://thermaforgepartners.com/onboarding,emergency_rules-retargeting-094
AD-095,Nextdoor Sponsored Post,Video views,Lookalike of engaged owners,Busy season should not be your first operating audit.,"Find the call-coverage gaps, dispatch friction, and callback patterns before volume makes them expensive.",ThermaForge Partners. Stronger Operations. Stronger Profits.,Run the 24-hour review,Whiteboard math graphic showing call leak to booked-job impact.,https://thermaforgepartners.com/apply,busy_season-nextdoor-sponsored-post-095
AD-096,Google Business Profile Update,Quote requests,Local service business owners,The owner should not be the only escalation path.,"ThermaForge helps HVAC owners build operating rhythm around the business so recap, sale, or succession conversations are not built on heroics.",ThermaForge Partners. Stronger Operations. Stronger Profits.,Check owner dependency,Technician truck at dusk with copper caption band.,https://thermaforgepartners.com/onboarding,owner_exit-google-business-profile-update-096
AD-097,Meta Feed,Calls,HVAC owners $5M-$25M revenue,Stop losing booked HVAC work after hours.,"Send last week's missed calls. ThermaForge will show where calls leaked, what should have routed, and what to fix before the next busy week.",ThermaForge Partners. Stronger Operations. Stronger Profits.,Get the missed-call review,Dark shop-floor photo with copper rule and TF monogram.,https://thermaforgepartners.com/apply,missed_call_audit-meta-feed-097
AD-098,Meta Reels,Lead form,HVAC GMs and ops managers,"Frontline call routing for HVAC shops, reviewed by operators.",Calls get answered. Recordings get reviewed. Dispatch rules get tightened. ThermaForge brings the HVAC operating context around the Frontline call coverage layer.,ThermaForge Partners. Stronger Operations. Stronger Profits.,Configure call coverage,"Dispatch desk close-up, call log blurred, copper headline overlay.",https://thermaforgepartners.com/onboarding,frontline_routing-meta-reels-098
AD-099,Facebook Lead Form,Website visits,Trade business owners near recap,Your dispatch room is either protecting margin or giving it back.,"ThermaForge reviews call flow, emergency rules, lead alerts, and booking outcomes so the owner can see where profit is slipping before month-end.",ThermaForge Partners. Stronger Operations. Stronger Profits.,Book a dispatch review,Rooftop unit image graded charcoal with one large copper number.,https://thermaforgepartners.com/apply,dispatch_review-facebook-lead-form-099
AD-100,Instagram Stories,Retargeting,Website visitors 30 days,Do not call onboarding complete until the first call is recorded.,"A real setup means the call is routed, recorded, reviewed, and connected to a dispatch decision. ThermaForge runs the 24-hour review with Frontline monitoring.",ThermaForge Partners. Stronger Operations. Stronger Profits.,Start onboarding,Founder face-to-camera still with wordmark lower-third.,https://thermaforgepartners.com/onboarding,first_call_recorded-instagram-stories-100
AD-101,LinkedIn Single Image,Video views,Lookalike of engaged owners,Recap-ready HVAC companies do not run on heroics.,"If the owner is still the only escalation path, diligence will notice. Build a cleaner operating rhythm before sale, recap, or succession pressure arrives.",ThermaForge Partners. Stronger Operations. Stronger Profits.,Review recap readiness,"Checklist graphic: call routed, recorded, reviewed, booked.",https://thermaforgepartners.com/apply,recap_ops-linkedin-single-image-101
AD-102,LinkedIn Carousel,Quote requests,Local service business owners,No-heat and no-cool rules should be clear before the phone rings.,"ThermaForge documents emergency routing, VIP exceptions, warranty paths, and dispatch contacts before after-hours calls hit Frontline.",ThermaForge Partners. Stronger Operations. Stronger Profits.,Tighten emergency routing,Before/after split: voicemail leak versus routed call.,https://thermaforgepartners.com/onboarding,emergency_rules-linkedin-carousel-102
AD-103,X Website Clicks,Calls,HVAC owners $5M-$25M revenue,Busy season should not be your first operating audit.,"Find the call-coverage gaps, dispatch friction, and callback patterns before volume makes them expensive.",ThermaForge Partners. Stronger Operations. Stronger Profits.,Run the 24-hour review,Whiteboard math graphic showing call leak to booked-job impact.,https://thermaforgepartners.com/apply,busy_season-x-website-clicks-103
AD-104,YouTube Shorts,Lead form,HVAC GMs and ops managers,The owner should not be the only escalation path.,"ThermaForge helps HVAC owners build operating rhythm around the business so recap, sale, or succession conversations are not built on heroics.",ThermaForge Partners. Stronger Operations. Stronger Profits.,Check owner dependency,Technician truck at dusk with copper caption band.,https://thermaforgepartners.com/onboarding,owner_exit-youtube-shorts-104
AD-105,Google Demand Gen,Website visits,Trade business owners near recap,Stop losing booked HVAC work after hours.,"Send last week's missed calls. ThermaForge will show where calls leaked, what should have routed, and what to fix before the next busy week.",ThermaForge Partners. Stronger Operations. Stronger Profits.,Get the missed-call review,Dark shop-floor photo with copper rule and TF monogram.,https://thermaforgepartners.com/apply,missed_call_audit-google-demand-gen-105
AD-106,Retargeting,Retargeting,Website visitors 30 days,"Frontline call routing for HVAC shops, reviewed by operators.",Calls get answered. Recordings get reviewed. Dispatch rules get tightened. ThermaForge brings the HVAC operating context around the Frontline call coverage layer.,ThermaForge Partners. Stronger Operations. Stronger Profits.,Configure call coverage,"Dispatch desk close-up, call log blurred, copper headline overlay.",https://thermaforgepartners.com/onboarding,frontline_routing-retargeting-106
AD-107,Nextdoor Sponsored Post,Video views,Lookalike of engaged owners,Your dispatch room is either protecting margin or giving it back.,"ThermaForge reviews call flow, emergency rules, lead alerts, and booking outcomes so the owner can see where profit is slipping before month-end.",ThermaForge Partners. Stronger Operations. Stronger Profits.,Book a dispatch review,Rooftop unit image graded charcoal with one large copper number.,https://thermaforgepartners.com/apply,dispatch_review-nextdoor-sponsored-post-107
AD-108,Google Business Profile Update,Quote requests,Local service business owners,Do not call onboarding complete until the first call is recorded.,"A real setup means the call is routed, recorded, reviewed, and connected to a dispatch decision. ThermaForge runs the 24-hour review with Frontline monitoring.",ThermaForge Partners. Stronger Operations. Stronger Profits.,Start onboarding,Founder face-to-camera still with wordmark lower-third.,https://thermaforgepartners.com/onboarding,first_call_recorded-google-business-profile-update-108
AD-109,Meta Feed,Calls,HVAC owners $5M-$25M revenue,Recap-ready HVAC companies do not run on heroics.,"If the owner is still the only escalation path, diligence will notice. Build a cleaner operating rhythm before sale, recap, or succession pressure arrives.",ThermaForge Partners. Stronger Operations. Stronger Profits.,Review recap readiness,"Checklist graphic: call routed, recorded, reviewed, booked.",https://thermaforgepartners.com/apply,recap_ops-meta-feed-109
AD-110,Meta Reels,Lead form,HVAC GMs and ops managers,No-heat and no-cool rules should be clear before the phone rings.,"ThermaForge documents emergency routing, VIP exceptions, warranty paths, and dispatch contacts before after-hours calls hit Frontline.",ThermaForge Partners. Stronger Operations. Stronger Profits.,Tighten emergency routing,Before/after split: voicemail leak versus routed call.,https://thermaforgepartners.com/onboarding,emergency_rules-meta-reels-110
AD-111,Facebook Lead Form,Website visits,Trade business owners near recap,Busy season should not be your first operating audit.,"Find the call-coverage gaps, dispatch friction, and callback patterns before volume makes them expensive.",ThermaForge Partners. Stronger Operations. Stronger Profits.,Run the 24-hour review,Whiteboard math graphic showing call leak to booked-job impact.,https://thermaforgepartners.com/apply,busy_season-facebook-lead-form-111
AD-112,Instagram Stories,Retargeting,Website visitors 30 days,The owner should not be the only escalation path.,"ThermaForge helps HVAC owners build operating rhythm around the business so recap, sale, or succession conversations are not built on heroics.",ThermaForge Partners. Stronger Operations. Stronger Profits.,Check owner dependency,Technician truck at dusk with copper caption band.,https://thermaforgepartners.com/onboarding,owner_exit-instagram-stories-112
AD-113,LinkedIn Single Image,Video views,Lookalike of engaged owners,Stop losing booked HVAC work after hours.,"Send last week's missed calls. ThermaForge will show where calls leaked, what should have routed, and what to fix before the next busy week.",ThermaForge Partners. Stronger Operations. Stronger Profits.,Get the missed-call review,Dark shop-floor photo with copper rule and TF monogram.,https://thermaforgepartners.com/apply,missed_call_audit-linkedin-single-image-113
AD-114,LinkedIn Carousel,Quote requests,Local service business owners,"Frontline call routing for HVAC shops, reviewed by operators.",Calls get answered. Recordings get reviewed. Dispatch rules get tightened. ThermaForge brings the HVAC operating context around the Frontline call coverage layer.,ThermaForge Partners. Stronger Operations. Stronger Profits.,Configure call coverage,"Dispatch desk close-up, call log blurred, copper headline overlay.",https://thermaforgepartners.com/onboarding,frontline_routing-linkedin-carousel-114
AD-115,X Website Clicks,Calls,HVAC owners $5M-$25M revenue,Your dispatch room is either protecting margin or giving it back.,"ThermaForge reviews call flow, emergency rules, lead alerts, and booking outcomes so the owner can see where profit is slipping before month-end.",ThermaForge Partners. Stronger Operations. Stronger Profits.,Book a dispatch review,Rooftop unit image graded charcoal with one large copper number.,https://thermaforgepartners.com/apply,dispatch_review-x-website-clicks-115
AD-116,YouTube Shorts,Lead form,HVAC GMs and ops managers,Do not call onboarding complete until the first call is recorded.,"A real setup means the call is routed, recorded, reviewed, and connected to a dispatch decision. ThermaForge runs the 24-hour review with Frontline monitoring.",ThermaForge Partners. Stronger Operations. Stronger Profits.,Start onboarding,Founder face-to-camera still with wordmark lower-third.,https://thermaforgepartners.com/onboarding,first_call_recorded-youtube-shorts-116
AD-117,Google Demand Gen,Website visits,Trade business owners near recap,Recap-ready HVAC companies do not run on heroics.,"If the owner is still the only escalation path, diligence will notice. Build a cleaner operating rhythm before sale, recap, or succession pressure arrives.",ThermaForge Partners. Stronger Operations. Stronger Profits.,Review recap readiness,"Checklist graphic: call routed, recorded, reviewed, booked.",https://thermaforgepartners.com/apply,recap_ops-google-demand-gen-117
AD-118,Retargeting,Retargeting,Website visitors 30 days,No-heat and no-cool rules should be clear before the phone rings.,"ThermaForge documents emergency routing, VIP exceptions, warranty paths, and dispatch contacts before after-hours calls hit Frontline.",ThermaForge Partners. Stronger Operations. Stronger Profits.,Tighten emergency routing,Before/after split: voicemail leak versus routed call.,https://thermaforgepartners.com/onboarding,emergency_rules-retargeting-118
AD-119,Nextdoor Sponsored Post,Video views,Lookalike of engaged owners,Busy season should not be your first operating audit.,"Find the call-coverage gaps, dispatch friction, and callback patterns before volume makes them expensive.",ThermaForge Partners. Stronger Operations. Stronger Profits.,Run the 24-hour review,Whiteboard math graphic showing call leak to booked-job impact.,https://thermaforgepartners.com/apply,busy_season-nextdoor-sponsored-post-119
AD-120,Google Business Profile Update,Quote requests,Local service business owners,The owner should not be the only escalation path.,"ThermaForge helps HVAC owners build operating rhythm around the business so recap, sale, or succession conversations are not built on heroics.",ThermaForge Partners. Stronger Operations. Stronger Profits.,Check owner dependency,Technician truck at dusk with copper caption band.,https://thermaforgepartners.com/onboarding,owner_exit-google-business-profile-update-120
